{
  "appId": "com.ionic.decouikit",
  "appName": "ionic6Deco",
  "bundledWebRuntime": false,
  "npmClient": "npm",
  "webDir": "www",
  "cordova": {
    "preferences": {
      "ScrollEnabled": "false",
      "android-minSdkVersion": "19",
      "android-maxSdkVersion": "29",
      "BackupWebStorage": "none",
      "SplashMaintainAspectRatio": "true",
      "FadeSplashScreenDuration": "300",
      "SplashShowOnlyFirstTime": "false",
      "SplashScreen": "screen",
      "SplashScreenDelay": "23000",
      "loadUrlTimeoutValue": "700000",
      "DisallowOverscroll": "true",
      "ShowSplashScreenSpinner": "false"
    }
  }
}
