{
  "project_info": {
    "project_number": "494679492035",
    "firebase_url": "https://ionic-deco-design.firebaseio.com",
    "project_id": "ionic-deco-design",
    "storage_bucket": "ionic-deco-design.appspot.com"
  },
  "client": [
    {
      "client_info": {
        "mobilesdk_app_id": "1:494679492035:android:2e7ede150f7704a2c02976",
        "android_client_info": {
          "package_name": "com.ionic.decouikit"
        }
      },
      "oauth_client": [
        {
          "client_id": "494679492035-4s617q3ojbceeckh9lcitp6d9sosaf82.apps.googleusercontent.com",
          "client_type": 3
        }
      ],
      "api_key": [
        {
          "current_key": "AIzaSyAMnzB_IDiS0RQvkeDOogLOifbLBCDHSu8"
        }
      ],
      "services": {
        "appinvite_service": {
          "other_platform_oauth_client": [
            {
              "client_id": "494679492035-4s617q3ojbceeckh9lcitp6d9sosaf82.apps.googleusercontent.com",
              "client_type": 3
            }
          ]
        }
      }
    },
    {
      "client_info": {
        "mobilesdk_app_id": "1:494679492035:android:c2eb7a3901c274c4",
        "android_client_info": {
          "package_name": "io.ionic.decouikit"
        }
      },
      "oauth_client": [
        {
          "client_id": "494679492035-4s617q3ojbceeckh9lcitp6d9sosaf82.apps.googleusercontent.com",
          "client_type": 3
        }
      ],
      "api_key": [
        {
          "current_key": "AIzaSyAMnzB_IDiS0RQvkeDOogLOifbLBCDHSu8"
        }
      ],
      "services": {
        "appinvite_service": {
          "other_platform_oauth_client": [
            {
              "client_id": "494679492035-4s617q3ojbceeckh9lcitp6d9sosaf82.apps.googleusercontent.com",
              "client_type": 3
            }
          ]
        }
      }
    }
  ],
  "configuration_version": "1"
}